{
  "hash": "20a9ee38",
  "browserHash": "6098f7ce",
  "optimized": {
    "@angular/common": {
      "src": "../../../../../node_modules/@angular/common/fesm2022/common.mjs",
      "file": "@angular_common.js",
      "fileHash": "43017f49",
      "needsInterop": false
    },
    "@angular/common/http": {
      "src": "../../../../../node_modules/@angular/common/fesm2022/http.mjs",
      "file": "@angular_common_http.js",
      "fileHash": "a6c1d00e",
      "needsInterop": false
    },
    "@angular/core": {
      "src": "../../../../../node_modules/@angular/core/fesm2022/core.mjs",
      "file": "@angular_core.js",
      "fileHash": "d6d3e762",
      "needsInterop": false
    },
    "@angular/forms": {
      "src": "../../../../../node_modules/@angular/forms/fesm2022/forms.mjs",
      "file": "@angular_forms.js",
      "fileHash": "f74a61e0",
      "needsInterop": false
    },
    "@angular/platform-browser": {
      "src": "../../../../../node_modules/@angular/platform-browser/fesm2022/platform-browser.mjs",
      "file": "@angular_platform-browser.js",
      "fileHash": "82ce4d41",
      "needsInterop": false
    },
    "@angular/platform-browser/animations/async": {
      "src": "../../../../../node_modules/@angular/platform-browser/fesm2022/animations/async.mjs",
      "file": "@angular_platform-browser_animations_async.js",
      "fileHash": "bc6f70c1",
      "needsInterop": false
    },
    "@angular/router": {
      "src": "../../../../../node_modules/@angular/router/fesm2022/router.mjs",
      "file": "@angular_router.js",
      "fileHash": "4d7f7dea",
      "needsInterop": false
    },
    "jwt-decode": {
      "src": "../../../../../node_modules/jwt-decode/build/esm/index.js",
      "file": "jwt-decode.js",
      "fileHash": "28b822c3",
      "needsInterop": false
    },
    "primeng/api": {
      "src": "../../../../../node_modules/primeng/fesm2022/primeng-api.mjs",
      "file": "primeng_api.js",
      "fileHash": "e5528027",
      "needsInterop": false
    },
    "primeng/button": {
      "src": "../../../../../node_modules/primeng/fesm2022/primeng-button.mjs",
      "file": "primeng_button.js",
      "fileHash": "dd6fa359",
      "needsInterop": false
    },
    "primeng/calendar": {
      "src": "../../../../../node_modules/primeng/fesm2022/primeng-calendar.mjs",
      "file": "primeng_calendar.js",
      "fileHash": "dcdcfb41",
      "needsInterop": false
    },
    "primeng/card": {
      "src": "../../../../../node_modules/primeng/fesm2022/primeng-card.mjs",
      "file": "primeng_card.js",
      "fileHash": "ed46ee1f",
      "needsInterop": false
    },
    "primeng/dialog": {
      "src": "../../../../../node_modules/primeng/fesm2022/primeng-dialog.mjs",
      "file": "primeng_dialog.js",
      "fileHash": "09102385",
      "needsInterop": false
    },
    "primeng/divider": {
      "src": "../../../../../node_modules/primeng/fesm2022/primeng-divider.mjs",
      "file": "primeng_divider.js",
      "fileHash": "ab3ed886",
      "needsInterop": false
    },
    "primeng/dropdown": {
      "src": "../../../../../node_modules/primeng/fesm2022/primeng-dropdown.mjs",
      "file": "primeng_dropdown.js",
      "fileHash": "6f7f17dd",
      "needsInterop": false
    },
    "primeng/dynamicdialog": {
      "src": "../../../../../node_modules/primeng/fesm2022/primeng-dynamicdialog.mjs",
      "file": "primeng_dynamicdialog.js",
      "fileHash": "76b0ce4e",
      "needsInterop": false
    },
    "primeng/inputnumber": {
      "src": "../../../../../node_modules/primeng/fesm2022/primeng-inputnumber.mjs",
      "file": "primeng_inputnumber.js",
      "fileHash": "2d5036be",
      "needsInterop": false
    },
    "primeng/inputtext": {
      "src": "../../../../../node_modules/primeng/fesm2022/primeng-inputtext.mjs",
      "file": "primeng_inputtext.js",
      "fileHash": "90a2e7ef",
      "needsInterop": false
    },
    "primeng/inputtextarea": {
      "src": "../../../../../node_modules/primeng/fesm2022/primeng-inputtextarea.mjs",
      "file": "primeng_inputtextarea.js",
      "fileHash": "d05b190a",
      "needsInterop": false
    },
    "primeng/paginator": {
      "src": "../../../../../node_modules/primeng/fesm2022/primeng-paginator.mjs",
      "file": "primeng_paginator.js",
      "fileHash": "da9bd510",
      "needsInterop": false
    },
    "primeng/table": {
      "src": "../../../../../node_modules/primeng/fesm2022/primeng-table.mjs",
      "file": "primeng_table.js",
      "fileHash": "c32d6c11",
      "needsInterop": false
    },
    "primeng/toast": {
      "src": "../../../../../node_modules/primeng/fesm2022/primeng-toast.mjs",
      "file": "primeng_toast.js",
      "fileHash": "874b756e",
      "needsInterop": false
    },
    "rxjs": {
      "src": "../../../../../node_modules/rxjs/dist/esm5/index.js",
      "file": "rxjs.js",
      "fileHash": "0106a33e",
      "needsInterop": false
    },
    "rxjs/operators": {
      "src": "../../../../../node_modules/rxjs/dist/esm5/operators/index.js",
      "file": "rxjs_operators.js",
      "fileHash": "5059917f",
      "needsInterop": false
    }
  },
  "chunks": {
    "browser-IDOMBELO": {
      "file": "browser-IDOMBELO.js"
    },
    "chunk-IU5RMFFF": {
      "file": "chunk-IU5RMFFF.js"
    },
    "chunk-BWIYQU3F": {
      "file": "chunk-BWIYQU3F.js"
    },
    "chunk-34MOX6WF": {
      "file": "chunk-34MOX6WF.js"
    },
    "chunk-J3OEC5BC": {
      "file": "chunk-J3OEC5BC.js"
    },
    "chunk-L36MSHHF": {
      "file": "chunk-L36MSHHF.js"
    },
    "chunk-JMOSVZDW": {
      "file": "chunk-JMOSVZDW.js"
    },
    "chunk-U72EPKLB": {
      "file": "chunk-U72EPKLB.js"
    },
    "chunk-5FHLVLWV": {
      "file": "chunk-5FHLVLWV.js"
    },
    "chunk-P6M3KWQL": {
      "file": "chunk-P6M3KWQL.js"
    },
    "chunk-CPGE5KBG": {
      "file": "chunk-CPGE5KBG.js"
    },
    "chunk-4V5VGMAE": {
      "file": "chunk-4V5VGMAE.js"
    },
    "chunk-VOPAC4VX": {
      "file": "chunk-VOPAC4VX.js"
    },
    "chunk-763JCBF6": {
      "file": "chunk-763JCBF6.js"
    },
    "chunk-CCME6Y6N": {
      "file": "chunk-CCME6Y6N.js"
    },
    "chunk-HUMA3IKJ": {
      "file": "chunk-HUMA3IKJ.js"
    },
    "chunk-HP3IPXZI": {
      "file": "chunk-HP3IPXZI.js"
    },
    "chunk-5TF3U3UT": {
      "file": "chunk-5TF3U3UT.js"
    },
    "chunk-6DZ4QNU3": {
      "file": "chunk-6DZ4QNU3.js"
    },
    "chunk-D2KDYNCR": {
      "file": "chunk-D2KDYNCR.js"
    },
    "chunk-7VUP7FJ2": {
      "file": "chunk-7VUP7FJ2.js"
    },
    "chunk-WI6LBH4V": {
      "file": "chunk-WI6LBH4V.js"
    },
    "chunk-BQTYKBYB": {
      "file": "chunk-BQTYKBYB.js"
    },
    "chunk-KDOJNZN6": {
      "file": "chunk-KDOJNZN6.js"
    },
    "chunk-HSNDBVJ3": {
      "file": "chunk-HSNDBVJ3.js"
    }
  }
}